Roll,positive_marks,negative_marks,total_marks
1401ME61,0,0,Absent
1401CS40,0,0,Absent
1401EE17,0,0,Absent
1401ME10,0,0,Absent
1401ME69,0,0,Absent
1401CS31,0,0,Absent
1401CS15,0,0,Absent
1401EE32,0,0,Absent
1401CE04,0,0,Absent
1401CS68,0,0,Absent
1401CE61,0,0,Absent
1401ME80,0,0,Absent
1401ME83,0,0,Absent
1401ME52,0,0,Absent
1401EE58,0,0,Absent
1401EE56,0,0,Absent
1401ME07,0,0,Absent
1401CS63,0,0,Absent
1401ME42,0,0,Absent
1401ME71,0,0,Absent
1401CB51,0,0,Absent
1401EE15,0,0,Absent
1401CS66,0,0,Absent
1401CS44,0,0,Absent
1401CS14,0,0,Absent
1401EE27,0,0,Absent
1401EE36,0,0,Absent
1401CS78,0,0,Absent
1401CE47,0,0,Absent
1401CE29,0,0,Absent
1401ME11,0,0,Absent
1401ME45,0,0,Absent
1401CB02,0,0,Absent
1401CB16,0,0,Absent
1401MM25,0,0,Absent
1401EE67,0,0,Absent
1401CE25,0,0,Absent
1401CB37,0,0,Absent
1401CS67,0,0,Absent
1401CS74,0,0,Absent
1401ME76,0,0,Absent
1401EE20,0,0,Absent
1401EE53,0,0,Absent
1401EE18,0,0,Absent
1401CB35,0,0,Absent
1401MM04,0,0,Absent
1401ME06,0,0,Absent
1401EE68,0,0,Absent
1401CB19,0,0,Absent
1401EE04,0,0,Absent
1401MM13,0,0,Absent
1401CB05,0,0,Absent
1401CE38,0,0,Absent
1401CS56,0,0,Absent
1401ME77,0,0,Absent
1401CE06,0,0,Absent
1401CB31,0,0,Absent
1401ME39,0,0,Absent
1401CB11,0,0,Absent
1401CE13,0,0,Absent
1401EE10,0,0,Absent
1401MM03,0,0,Absent
1401CS10,0,0,Absent
1401ME32,0,0,Absent
1401ME27,0,0,Absent
1401EE74,0,0,Absent
1401EE54,0,0,Absent
1401CS02,0,0,Absent
1401MM29,0,0,Absent
1401CB08,0,0,Absent
1401CE48,0,0,Absent
1401EE31,0,0,Absent
1401ME63,0,0,Absent
1401CS80,0,0,Absent
1401MM32,0,0,Absent
1401CS39,0,0,Absent
1401ME14,0,0,Absent
1401CS54,0,0,Absent
1401CS37,0,0,Absent
1401CS27,0,0,Absent
1401CE52,0,0,Absent
1401MM15,0,0,Absent
1401ME02,0,0,Absent
1401CS29,0,0,Absent
1401CS24,0,0,Absent
1401CS58,0,0,Absent
1401EE25,0,0,Absent
1401MM26,0,0,Absent
1401ME43,0,0,Absent
1401MM14,0,0,Absent
1401EE07,0,0,Absent
1401EE08,0,0,Absent
1401CE43,0,0,Absent
1401CS49,0,0,Absent
1401EE24,0,0,Absent
1401MM33,0,0,Absent
1401EE28,0,0,Absent
1401ME46,0,0,Absent
1401CE49,0,0,Absent
1401EE79,0,0,Absent
1401MM38,0,0,Absent
1401ME12,0,0,Absent
1401ME25,0,0,Absent
1401CS18,0,0,Absent
1401EE75,0,0,Absent
1401EE77,0,0,Absent
1401ME16,0,0,Absent
1401CB23,0,0,Absent
1401CS13,0,0,Absent
1401ME82,0,0,Absent
1401CE37,0,0,Absent
1401CS43,0,0,Absent
1401CS69,0,0,Absent
1401ME20,0,0,Absent
1401CE30,0,0,Absent
1401EE62,0,0,Absent
1401CS45,0,0,Absent
1401EE70,0,0,Absent
1401CS57,0,0,Absent
1401CS04,0,0,Absent
1401MM07,0,0,Absent
1401CB44,0,0,Absent
1401CE34,0,0,Absent
1401CS36,0,0,Absent
1401CE17,0,0,Absent
1401CS52,0,0,Absent
1401MM10,0,0,Absent
1401CS53,0,0,Absent
1401CE18,0,0,Absent
1401EE55,0,0,Absent
1401EE78,0,0,Absent
1401CS76,0,0,Absent
1401MM35,0,0,Absent
1401CS03,0,0,Absent
1401CS08,0,0,Absent
1401CS62,0,0,Absent
1401CS20,0,0,Absent
1401CS51,0,0,Absent
1401EE12,0,0,Absent
1401CE57,0,0,Absent
1401CB24,0,0,Absent
1401ME19,0,0,Absent
1401CE05,0,0,Absent
1401CB32,0,0,Absent
1401MM08,0,0,Absent
1401EE59,0,0,Absent
1401MM09,0,0,Absent
1401EE41,0,0,Absent
1401CE09,0,0,Absent
1401CE10,0,0,Absent
1401CE39,0,0,Absent
1401EE57,0,0,Absent
1401EE60,0,0,Absent
1401EE63,0,0,Absent
1401CE16,0,0,Absent
1401ME70,0,0,Absent
1401CE21,0,0,Absent
1401ME24,0,0,Absent
1401CB13,0,0,Absent
1401CB01,0,0,Absent
1401MM16,0,0,Absent
1401CE26,0,0,Absent
1401CS01,0,0,Absent
1401EE22,0,0,Absent
1401CS19,0,0,Absent
1401EE40,0,0,Absent
1401CB07,0,0,Absent
1401CE58,0,0,Absent
1401CB04,0,0,Absent
1401EE37,0,0,Absent
1401CE32,0,0,Absent
1401CS42,0,0,Absent
1401EE48,0,0,Absent
1401CB54,0,0,Absent
1401EE82,0,0,Absent
1401CS79,0,0,Absent
1401CB03,0,0,Absent
1401CS47,0,0,Absent
1401CE31,0,0,Absent
1401CS30,0,0,Absent
1401CB42,0,0,Absent
1401CE59,0,0,Absent
1401EE30,0,0,Absent
1401CB48,0,0,Absent
1401EE45,0,0,Absent
1401CB52,0,0,Absent
1401CS59,0,0,Absent
1401CE46,0,0,Absent
1401CE64,0,0,Absent
1401ME67,0,0,Absent
1401CE27,0,0,Absent
1401CS17,0,0,Absent
1401CS16,0,0,Absent
1401ME15,0,0,Absent
1401CS64,0,0,Absent
1401CB62,0,0,Absent
1401CS60,0,0,Absent
1401EE66,0,0,Absent
1401CB58,0,0,Absent
1401MM21,0,0,Absent
1401ME34,0,0,Absent
1401ME59,0,0,Absent
1401ME33,0,0,Absent
1401MM37,0,0,Absent
1401CB21,0,0,Absent
1401EE49,0,0,Absent
1401MM28,0,0,Absent
1401CE28,0,0,Absent
1401CB47,0,0,Absent
1401ME48,0,0,Absent
1401CE50,0,0,Absent
1401MM23,0,0,Absent
1401ME64,0,0,Absent
1401ME40,0,0,Absent
1401CE66,0,0,Absent
1401MM24,0,0,Absent
1401EE42,0,0,Absent
1401CB53,0,0,Absent
1401CS09,0,0,Absent
1401CB20,0,0,Absent
1401MM18,0,0,Absent
1401ME41,0,0,Absent
1401CB10,0,0,Absent
1401ME47,0,0,Absent
1401ME29,0,0,Absent
1401CE12,0,0,Absent
1401CB15,0,0,Absent
1401ME35,0,0,Absent
1401CS32,0,0,Absent
1401CB26,0,0,Absent
1401CE14,0,0,Absent
1401CS72,0,0,Absent
1401EE23,0,0,Absent
1401CE40,0,0,Absent
1401CE53,0,0,Absent
1401EE05,0,0,Absent
1401CB59,0,0,Absent
1401ME78,0,0,Absent
1401CS34,0,0,Absent
1401ME36,0,0,Absent
1401ME09,0,0,Absent
1401CB57,0,0,Absent
1401CS28,0,0,Absent
1401CS12,0,0,Absent
1401CS21,0,0,Absent
1401CS33,0,0,Absent
1401CS06,0,0,Absent
1401ME53,0,0,Absent
1401ME21,0,0,Absent
1401CS38,0,0,Absent
1401ME03,0,0,Absent
1401ME72,0,0,Absent
1401EE81,0,0,Absent
1401CB49,0,0,Absent
1401CB36,0,0,Absent
1401EE13,0,0,Absent
1401CS41,0,0,Absent
1401ME18,0,0,Absent
1401ME23,0,0,Absent
1401MM11,0,0,Absent
1401ME79,0,0,Absent
1401CE56,0,0,Absent
1401ME30,0,0,Absent
1401EE14,0,0,Absent
1401CE63,0,0,Absent
1401CB34,0,0,Absent
1401CB38,0,0,Absent
1401ME04,0,0,Absent
1401CB46,0,0,Absent
1401EE65,0,0,Absent
1401CS70,0,0,Absent
1401ME57,0,0,Absent
1401CB29,0,0,Absent
1401CE51,0,0,Absent
1401ME60,0,0,Absent
1401ME13,0,0,Absent
1401EE43,0,0,Absent
1401ME51,0,0,Absent
1401EE26,0,0,Absent
1401ME56,0,0,Absent
1401ME62,0,0,Absent
1401CB14,0,0,Absent
1401ME65,0,0,Absent
1401CE42,0,0,Absent
1401EE73,0,0,Absent
1401CB22,0,0,Absent
1401ME50,0,0,Absent
1401CE55,0,0,Absent
1401CB61,0,0,Absent
1401EE83,0,0,Absent
1401MM01,0,0,Absent
1401MM27,0,0,Absent
1401CB55,0,0,Absent
1401CB33,0,0,Absent
1401CB50,0,0,Absent
1401ME66,0,0,Absent
1401CE36,0,0,Absent
1401CS26,0,0,Absent
1401CS61,0,0,Absent
1401CE03,0,0,Absent
1401ME54,0,0,Absent
1401EE69,0,0,Absent
1401MM34,0,0,Absent
1401EE39,0,0,Absent
1401CB18,0,0,Absent
1401ME74,0,0,Absent
1401CB09,0,0,Absent
1401EE46,0,0,Absent
1401CS55,0,0,Absent
1401EE35,0,0,Absent
1401ME75,0,0,Absent
1401EE11,0,0,Absent
1401EE51,0,0,Absent
1401ME55,0,0,Absent
1401CE33,0,0,Absent
1401CS22,0,0,Absent
1401CE23,0,0,Absent
1401CS23,0,0,Absent
1401ME38,0,0,Absent
1401CS11,0,0,Absent
1401CE41,0,0,Absent
1401EE44,0,0,Absent
1401CS65,0,0,Absent
1401CE45,0,0,Absent
1401EE01,0,0,Absent
1401EE16,0,0,Absent
1401CB45,0,0,Absent
1401EE64,0,0,Absent
1401ME58,0,0,Absent
1401EE76,0,0,Absent
1401EE06,0,0,Absent
1401ME44,0,0,Absent
1401EE33,0,0,Absent
1401CB30,0,0,Absent
1401CB17,0,0,Absent
1401ME17,0,0,Absent
1401CS71,0,0,Absent
1401CB06,0,0,Absent
1401CE60,0,0,Absent
1401CE20,0,0,Absent
1401CS73,0,0,Absent
1401EE80,0,0,Absent
1401EE61,0,0,Absent
1401EE21,0,0,Absent
1401EE38,0,0,Absent
1401CE35,0,0,Absent
1401CS75,0,0,Absent
1401ME81,0,0,Absent
1401CE02,0,0,Absent
1401ME26,0,0,Absent
1401CE62,0,0,Absent
1401EE34,0,0,Absent
1401MM19,0,0,Absent
1401CE11,0,0,Absent
1401EE29,0,0,Absent
1401ME01,0,0,Absent
1401MM30,0,0,Absent
1401CS25,0,0,Absent
1401CB43,0,0,Absent
1401CS77,0,0,Absent
1401CS81,0,0,Absent
1401CB56,0,0,Absent
1401CB41,0,0,Absent
1401CB60,0,0,Absent
1401CE65,0,0,Absent
1401CB39,0,0,Absent
1401CE24,0,0,Absent
1401CE22,0,0,Absent
1401CB27,0,0,Absent
1401CS46,0,0,Absent
1401CB28,0,0,Absent
1401CE07,0,0,Absent
1401CS50,0,0,Absent
1401ME31,0,0,Absent
1401ME05,0,0,Absent
1401CS07,0,0,Absent
1401EE09,0,0,Absent
1401ME49,0,0,Absent
1401ME37,0,0,Absent
1401CS35,0,0,Absent
1401MM05,0,0,Absent
1401CS05,0,0,Absent
1401CE15,0,0,Absent
1401EE03,0,0,Absent
1401ME28,0,0,Absent
1401MM22,0,0,Absent
1901CE69,0,0,Absent
1401EE19,0,0,Absent
1401CE19,0,0,Absent
1401CE01,0,0,Absent
1401EE50,0,0,Absent
1401CB64,0,0,Absent
1401ME08,0,0,Absent